,Unoptimized,Substitution Inlining,Instance Cache,Length Cache,Optimized
Substitution Inlining,0,40.7225058915947,0,0,37.3239436619718
Length Check,297.034420289855,299.507462686567,341.624807790876,0,0
Includes Check,7749.18115942029,4030.21445404556,6364.73295745771,7802.24762786392,2820.03129890454
Final Typecheck,3546.01268115942,2304.10565593087,3526.61916965659,3540.9796343439,2421.90923317684