,Unoptimized,Substitution Inlining,Instance Cache,Length Cache,Optimized
Substitution Inlining,0,33.4045774647887,0,0,38.6692584269663
Length Check,286.762024890683,289.330985915493,292.026432532348,0,0
Includes Check,7142.74217961655,4034.85211267606,5764.23345656192,7182.09354120267,2646.34516853933
Final Typecheck,8208.23410696266,3108.99295774648,8174.10924214418,8168.64485180744,3164.56584269663