{
  "results": [
    {
      "command": "dune exec bin/main.exe -- -m 1500 -ir -typ ./examples/fabric_parser.pi4_type ./examples/fabric_parser.pi4",
      "mean": 15.24771294196,
      "stddev": 0.925306987130583,
      "median": 15.55781465876,
      "user": 0.9877170799999998,
      "system": 0.29831785999999993,
      "min": 14.16716209676,
      "max": 16.23026108276,
      "times": [
        14.37578974076,
        14.16716209676,
        15.90753713076,
        15.55781465876,
        16.23026108276
      ],
      "exit_codes": [
        0,
        0,
        0,
        0,
        0
      ]
    }
  ]
}
