{
  "results": [
    {
      "command": "dune exec bin/main.exe -- -m 1500 -ir -typ ./examples/ngsdn.pi4_type ./examples/ngsdn_parser.pi4",
      "mean": 3.1300090682400006,
      "stddev": 0.019398379940555592,
      "median": 3.1300090682400006,
      "user": 0.27953249999999996,
      "system": 0.06678158,
      "min": 3.1162923422400004,
      "max": 3.1437257942400003,
      "times": [
        3.1437257942400003,
        3.1162923422400004
      ],
      "exit_codes": [
        0,
        0
      ]
    }
  ]
}
